issue_number,scan_title,scan_browser,scan_color_scheme,scan_viewport_preset,scan_viewport_width,scan_viewport_height,submitted_url,final_url,http_status,fetch_ok,redirected,elapsed_ms,alfa_executed,alfa_passed,alfa_failed,alfa_cant_tell,alfa_inapplicable,alfa_failed_rules,alfa_error,axe_executed,axe_passed,axe_failed,axe_cant_tell,axe_inapplicable,axe_failed_rules,axe_error,equal_access_executed,equal_access_passed,equal_access_failed,equal_access_failed_unique,equal_access_failed_duplicates,equal_access_cant_tell,equal_access_inapplicable,equal_access_failed_rules,equal_access_error,accesslint_executed,accesslint_passed,accesslint_failed,accesslint_failed_unique,accesslint_failed_duplicates,accesslint_cant_tell,accesslint_inapplicable,accesslint_failed_rules,accesslint_error,qualweb_executed,qualweb_passed,qualweb_failed,qualweb_cant_tell,qualweb_inapplicable,qualweb_failed_rules,qualweb_error,duplicate_findings,fetch_error,page_title
62,Barcelona.cat,chromium,both,desktop,1280,800,https://barcelona.cat/,https://www.barcelona.cat/ca,200,true,true,26402,false,0,0,0,0,,Skipped (not requested),true,1507,39,21,37,aria-progressbar-name;aria-prohibited-attr;button-name;color-contrast;frame-title;html-lang-valid;image-alt;landmark-no-duplicate-banner;landmark-unique;link-name;region;tabindex,,false,0,0,0,0,0,0,,Skipped (not requested),false,0,0,0,0,0,0,,Skipped (not requested),true,780,71,140,4,QW-ACT-R19;QW-ACT-R76,,73,,El portal web oficial de Barcelona | Ajuntament de Barcelona
62,Barcelona.cat,chromium,both,desktop,1280,800,https://barcelona.cat/en/living-in-bcn/accessibility,https://www.barcelona.cat/en/living-in-bcn/accessibility,200,true,true,28941,false,0,0,0,0,,Skipped (not requested),true,983,24,31,44,image-alt;landmark-no-duplicate-banner;region;tabindex,,false,0,0,0,0,0,0,,Skipped (not requested),false,0,0,0,0,0,0,,Skipped (not requested),true,583,26,181,2,QW-ACT-R17;QW-ACT-R76,,24,,Accessibility | Barcelona.cat | Barcelona City Council
62,Barcelona.cat,chromium,both,desktop,1280,800,https://barcelona.cat/en/what-to-do-in-bcn/bathing-and-beaches/accessibility,https://www.barcelona.cat/en/what-to-do-in-bcn/bathing-and-beaches/accessibility,200,true,true,24349,false,0,0,0,0,,Skipped (not requested),true,797,25,22,43,color-contrast;image-alt;landmark-no-duplicate-banner;region;tabindex,,false,0,0,0,0,0,0,,Skipped (not requested),false,0,0,0,0,0,0,,Skipped (not requested),true,510,35,124,2,QW-ACT-R17;QW-ACT-R37;QW-ACT-R76,,32,,Accessibility at beaches | Barcelona | Barcelona City Council
62,Barcelona.cat,chromium,both,desktop,1280,800,https://barcelona.cat/en/what-to-do-in-bcn/montjuic-park/find-out-about-montjuic-park-council,https://www.barcelona.cat/en/what-to-do-in-bcn/montjuic-park/find-out-about-montjuic-park-council,200,true,true,22048,false,0,0,0,0,,Skipped (not requested),true,690,24,21,44,image-alt;landmark-no-duplicate-banner;region;tabindex,,false,0,0,0,0,0,0,,Skipped (not requested),false,0,0,0,0,0,0,,Skipped (not requested),true,437,31,117,2,QW-ACT-R17;QW-ACT-R76,,29,,Montjuïc Park Council | Barcelona City Council
62,Barcelona.cat,chromium,both,desktop,1280,800,https://barcelona.cat/ca,https://www.barcelona.cat/ca,200,true,true,26439,false,0,0,0,0,,Skipped (not requested),true,1507,40,29,37,aria-progressbar-name;aria-prohibited-attr;button-name;color-contrast;frame-title;html-lang-valid;image-alt;landmark-no-duplicate-banner;landmark-unique;link-name;region;tabindex,,false,0,0,0,0,0,0,,Skipped (not requested),false,0,0,0,0,0,0,,Skipped (not requested),true,780,71,140,4,QW-ACT-R19;QW-ACT-R76,,73,,El portal web oficial de Barcelona | Ajuntament de Barcelona
62,Barcelona.cat,chromium,both,desktop,1280,800,https://barcelona.cat/en,https://www.barcelona.cat/en,200,true,true,27037,false,0,0,0,0,,Skipped (not requested),true,1511,39,22,37,aria-progressbar-name;aria-prohibited-attr;button-name;color-contrast;frame-title;html-lang-valid;image-alt;landmark-no-duplicate-banner;landmark-unique;link-name;region;tabindex,,false,0,0,0,0,0,0,,Skipped (not requested),false,0,0,0,0,0,0,,Skipped (not requested),true,774,71,138,4,QW-ACT-R19;QW-ACT-R76,,73,,The official Barcelona website | Barcelona City Council
62,Barcelona.cat,chromium,both,desktop,1280,800,https://barcelona.cat/es,https://www.barcelona.cat/es,200,true,true,29037,false,0,0,0,0,,Skipped (not requested),true,1517,39,22,37,aria-progressbar-name;aria-prohibited-attr;button-name;color-contrast;frame-title;html-lang-valid;image-alt;landmark-no-duplicate-banner;landmark-unique;link-name;region;tabindex,,false,0,0,0,0,0,0,,Skipped (not requested),false,0,0,0,0,0,0,,Skipped (not requested),true,781,71,142,4,QW-ACT-R19;QW-ACT-R76,,73,,El portal web oficial de Barcelona | Ayuntamiento de Barcelona
62,Barcelona.cat,chromium,both,desktop,1280,800,https://barcelona.cat/ca/canelons,https://www.barcelona.cat/ca/canelons,200,true,true,21648,false,0,0,0,0,,Skipped (not requested),true,655,23,9,44,landmark-no-duplicate-banner;region;tabindex,,false,0,0,0,0,0,0,,Skipped (not requested),false,0,0,0,0,0,0,,Skipped (not requested),true,444,24,65,2,QW-ACT-R76,,23,,Canelons de Nadal | La meva Barcelona
62,Barcelona.cat,chromium,both,desktop,1280,800,https://barcelona.cat/ca/coneixbcn,https://www.barcelona.cat/ca/coneixbcn,200,true,true,22618,false,0,0,0,0,,Skipped (not requested),true,853,25,21,43,aria-required-children;image-alt;landmark-no-duplicate-banner;region;tabindex,,false,0,0,0,0,0,0,,Skipped (not requested),false,0,0,0,0,0,0,,Skipped (not requested),true,500,26,109,2,QW-ACT-R17;QW-ACT-R38;QW-ACT-R76,,23,,Coneix BCN | Barcelona.cat | Ajuntament de Barcelona
62,Barcelona.cat,chromium,both,desktop,1280,800,https://barcelona.cat/ca/diada-nacional-de-catalunya-2022,https://www.barcelona.cat/ca/diada-nacional-de-catalunya-2022,200,true,true,22778,false,0,0,0,0,,Skipped (not requested),true,572,23,8,45,landmark-no-duplicate-banner;region;tabindex,,false,0,0,0,0,0,0,,Skipped (not requested),false,0,0,0,0,0,0,,Skipped (not requested),true,395,18,66,2,QW-ACT-R76,,17,,Diada 2022 | Web de Barcelona | Ajuntament de Barcelona
62,Barcelona.cat,chromium,both,desktop,1280,800,https://barcelona.cat/ca/implicat,https://www.barcelona.cat/ca/implicat,200,true,true,24395,false,0,0,0,0,,Skipped (not requested),true,1203,24,29,44,image-alt;landmark-no-duplicate-banner;region;tabindex,,false,0,0,0,0,0,0,,Skipped (not requested),false,0,0,0,0,0,0,,Skipped (not requested),true,614,39,245,2,QW-ACT-R17;QW-ACT-R76,,37,,Implica&#039;t | Barcelona.cat | Ajuntament de Barcelona
62,Barcelona.cat,chromium,both,desktop,1280,800,https://barcelona.cat/ca/pagina-imatge-promocional,https://www.barcelona.cat/ca/pagina-imatge-promocional,200,true,true,22715,false,0,0,0,0,,Skipped (not requested),true,566,23,8,45,landmark-no-duplicate-banner;region;tabindex,,false,0,0,0,0,0,0,,Skipped (not requested),false,0,0,0,0,0,0,,Skipped (not requested),true,392,17,65,2,QW-ACT-R76,,16,,Pagina Imatge promocional | Barcelona.cat | Ajuntament de Barcelona
62,Barcelona.cat,chromium,both,desktop,1280,800,https://barcelona.cat/ca/prova-video,https://www.barcelona.cat/ca/prova-video,200,true,true,21322,false,0,0,0,0,,Skipped (not requested),true,574,24,9,45,color-contrast;landmark-no-duplicate-banner;region;tabindex,,false,0,0,0,0,0,0,,Skipped (not requested),false,0,0,0,0,0,0,,Skipped (not requested),true,397,19,66,2,QW-ACT-R37;QW-ACT-R76,,17,,Prova video | Barcelona.cat | Ajuntament de Barcelona
62,Barcelona.cat,chromium,both,desktop,1280,800,https://barcelona.cat/ca/que-pots-fer-a-bcn,https://www.barcelona.cat/ca/que-pots-fer-a-bcn,200,true,true,24053,false,0,0,0,0,,Skipped (not requested),true,1162,31,35,43,aria-allowed-role;aria-required-children;image-alt;image-redundant-alt;landmark-no-duplicate-banner;listitem;region;tabindex,,false,0,0,0,0,0,0,,Skipped (not requested),false,0,0,0,0,0,0,,Skipped (not requested),true,625,42,152,2,QW-ACT-R17;QW-ACT-R38;QW-ACT-R76,,39,,Què es pot fer a Barcelona | Barcelona.cat | Ajuntament de Barcelona
62,Barcelona.cat,chromium,both,desktop,1280,800,https://barcelona.cat/ca/treball-i-empresa,https://www.barcelona.cat/ca/treball-i-empresa,200,true,true,23915,false,0,0,0,0,,Skipped (not requested),true,1211,24,23,44,image-alt;landmark-no-duplicate-banner;region;tabindex,,false,0,0,0,0,0,0,,Skipped (not requested),false,0,0,0,0,0,0,,Skipped (not requested),true,706,33,181,2,QW-ACT-R17;QW-ACT-R76,,31,,Treball i empresa | Barcelona.cat | Ajuntament de Barcelona
62,Barcelona.cat,chromium,both,desktop,1280,800,https://barcelona.cat/ca/viure-a-bcn,https://www.barcelona.cat/ca/viure-a-bcn,200,true,true,22593,false,0,0,0,0,,Skipped (not requested),true,1183,25,40,43,aria-required-children;image-alt;landmark-no-duplicate-banner;region;tabindex,,false,0,0,0,0,0,0,,Skipped (not requested),false,0,0,0,0,0,0,,Skipped (not requested),true,635,28,185,2,QW-ACT-R17;QW-ACT-R38;QW-ACT-R76,,25,,Viure a la ciutat | Barcelona.cat | Ajuntament de Barcelona
62,Barcelona.cat,chromium,both,desktop,1280,800,https://barcelona.cat/en/catalan-national-day-2022,https://www.barcelona.cat/en/catalan-national-day-2022,200,true,true,22539,false,0,0,0,0,,Skipped (not requested),true,566,23,8,45,landmark-no-duplicate-banner;region;tabindex,,false,0,0,0,0,0,0,,Skipped (not requested),false,0,0,0,0,0,0,,Skipped (not requested),true,389,18,63,2,QW-ACT-R76,,17,,Diada 2022 | Barcelona website | Barcelona City Council
62,Barcelona.cat,chromium,both,desktop,1280,800,https://barcelona.cat/en/discoverbcn,https://www.barcelona.cat/en/discoverbcn,200,true,true,21824,false,0,0,0,0,,Skipped (not requested),true,847,25,21,43,aria-required-children;image-alt;landmark-no-duplicate-banner;region;tabindex,,false,0,0,0,0,0,0,,Skipped (not requested),false,0,0,0,0,0,0,,Skipped (not requested),true,494,26,106,2,QW-ACT-R17;QW-ACT-R38;QW-ACT-R76,,23,,Discover Barcelona | Barcelona.cat | Barcelona City Council
62,Barcelona.cat,chromium,both,desktop,1280,800,https://barcelona.cat/en/getinvolved,https://www.barcelona.cat/en/getinvolved,200,true,true,22967,false,0,0,0,0,,Skipped (not requested),true,1210,24,16,44,image-alt;landmark-no-duplicate-banner;region;tabindex,,false,0,0,0,0,0,0,,Skipped (not requested),false,0,0,0,0,0,0,,Skipped (not requested),true,604,39,242,2,QW-ACT-R17;QW-ACT-R76,,37,,Get involved | Barcelona.cat | Barcelona City Council
62,Barcelona.cat,chromium,both,desktop,1280,800,https://barcelona.cat/en/living-in-bcn,https://www.barcelona.cat/en/living-in-bcn,200,true,true,23295,false,0,0,0,0,,Skipped (not requested),true,1175,25,40,43,aria-required-children;image-alt;landmark-no-duplicate-banner;region;tabindex,,false,0,0,0,0,0,0,,Skipped (not requested),false,0,0,0,0,0,0,,Skipped (not requested),true,629,28,182,2,QW-ACT-R17;QW-ACT-R38;QW-ACT-R76,,25,,Living in the city | Barcelona.cat | Barcelona City Council
62,Barcelona.cat,chromium,both,desktop,1280,800,https://barcelona.cat/en/pagina-exemple-mapa-sant-jordi,https://www.barcelona.cat/en/pagina-exemple-mapa-sant-jordi,200,true,true,20948,false,0,0,0,0,,Skipped (not requested),true,569,24,9,43,frame-title;landmark-no-duplicate-banner;region;tabindex,,false,0,0,0,0,0,0,,Skipped (not requested),false,0,0,0,0,0,0,,Skipped (not requested),true,393,18,63,2,QW-ACT-R19;QW-ACT-R76,,16,,Pàgina exemple mapa sant jordi | Barcelona.cat | Barcelona City Council
62,Barcelona.cat,chromium,both,desktop,1280,800,https://barcelona.cat/en/what-to-do-in-bcn,https://www.barcelona.cat/en/what-to-do-in-bcn,200,true,true,24450,false,0,0,0,0,,Skipped (not requested),true,1156,30,35,43,aria-allowed-role;aria-required-children;image-alt;landmark-no-duplicate-banner;listitem;region;tabindex,,false,0,0,0,0,0,0,,Skipped (not requested),false,0,0,0,0,0,0,,Skipped (not requested),true,619,42,149,2,QW-ACT-R17;QW-ACT-R38;QW-ACT-R76,,39,,What to do in Barcelona | Barcelona.cat | Barcelona City Council
62,Barcelona.cat,chromium,both,desktop,1280,800,https://barcelona.cat/es/conocebcn,https://www.barcelona.cat/es/conocebcn,200,true,true,21940,false,0,0,0,0,,Skipped (not requested),true,854,25,21,43,aria-required-children;image-alt;landmark-no-duplicate-banner;region;tabindex,,false,0,0,0,0,0,0,,Skipped (not requested),false,0,0,0,0,0,0,,Skipped (not requested),true,502,26,110,2,QW-ACT-R17;QW-ACT-R38;QW-ACT-R76,,23,,Conoce BCN | Barcelona.cat | Ayuntamiento de Barcelona
62,Barcelona.cat,chromium,both,desktop,1280,800,https://barcelona.cat/es/diada-nacional-de-cataluna-2022,https://www.barcelona.cat/es/diada-nacional-de-cataluna-2022,200,true,true,22639,false,0,0,0,0,,Skipped (not requested),true,574,23,8,45,landmark-no-duplicate-banner;region;tabindex,,false,0,0,0,0,0,0,,Skipped (not requested),false,0,0,0,0,0,0,,Skipped (not requested),true,397,18,67,2,QW-ACT-R76,,17,,Diada 2022 | Web de Barcelona | Ayuntamiento de Barcelona
62,Barcelona.cat,chromium,both,desktop,1280,800,https://barcelona.cat/es/implicate,https://www.barcelona.cat/es/implicate,200,true,true,22768,false,0,0,0,0,,Skipped (not requested),true,1203,24,29,44,image-alt;landmark-no-duplicate-banner;region;tabindex,,false,0,0,0,0,0,0,,Skipped (not requested),false,0,0,0,0,0,0,,Skipped (not requested),true,612,39,246,2,QW-ACT-R17;QW-ACT-R76,,37,,Implícate | Barcelona.cat | Ayuntamiento de Barcelona
62,Barcelona.cat,chromium,both,desktop,1280,800,https://barcelona.cat/es/que-hacer-en-bcn,https://www.barcelona.cat/es/que-hacer-en-bcn,200,true,true,23798,false,0,0,0,0,,Skipped (not requested),true,1164,30,35,43,aria-allowed-role;aria-required-children;image-alt;landmark-no-duplicate-banner;listitem;region;tabindex,,false,0,0,0,0,0,0,,Skipped (not requested),false,0,0,0,0,0,0,,Skipped (not requested),true,627,42,153,2,QW-ACT-R17;QW-ACT-R38;QW-ACT-R76,,39,,Qué hacer en Barcelona | Barcelona.cat | Ayuntamiento de Barcelona
62,Barcelona.cat,chromium,both,desktop,1280,800,https://barcelona.cat/es/trabajo-y-empresa,https://www.barcelona.cat/es/trabajo-y-empresa,200,true,true,23281,false,0,0,0,0,,Skipped (not requested),true,1210,24,23,44,image-alt;landmark-no-duplicate-banner;region;tabindex,,false,0,0,0,0,0,0,,Skipped (not requested),false,0,0,0,0,0,0,,Skipped (not requested),true,707,32,182,2,QW-ACT-R17;QW-ACT-R76,,30,,Trabajo y empresa | Barcelona.cat | Ayuntamiento de Barcelona
62,Barcelona.cat,chromium,both,desktop,1280,800,https://barcelona.cat/es/vivir-en-bcn,https://www.barcelona.cat/es/vivir-en-bcn,200,true,true,22623,false,0,0,0,0,,Skipped (not requested),true,1188,25,40,43,aria-required-children;image-alt;landmark-no-duplicate-banner;region;tabindex,,false,0,0,0,0,0,0,,Skipped (not requested),false,0,0,0,0,0,0,,Skipped (not requested),true,640,28,186,2,QW-ACT-R17;QW-ACT-R38;QW-ACT-R76,,25,,Vivir en la ciudad | Barcelona.cat | Ayuntamiento de Barcelona
62,Barcelona.cat,chromium,both,desktop,1280,800,https://barcelona.cat/es/aviso-legal/banoasistido,https://www.barcelona.cat/es/aviso-legal/banoasistido,200,true,true,21682,false,0,0,0,0,,Skipped (not requested),true,594,23,9,45,landmark-no-duplicate-banner;region;tabindex,,false,0,0,0,0,0,0,,Skipped (not requested),false,0,0,0,0,0,0,,Skipped (not requested),true,411,24,68,2,QW-ACT-R76,,23,,Política de privacidad del servicio de baño asistido | Barcelona.cat | Ayuntamiento de Barcelona
62,Barcelona.cat,chromium,both,desktop,1280,800,https://barcelona.cat/es/blogoteca/condiciones-uso,https://www.barcelona.cat/es/blogoteca/condiciones-uso,200,true,true,21403,false,0,0,0,0,,Skipped (not requested),true,617,23,28,45,landmark-no-duplicate-banner;region;tabindex,,false,0,0,0,0,0,0,,Skipped (not requested),false,0,0,0,0,0,0,,Skipped (not requested),true,398,17,105,2,QW-ACT-R76,,16,,Condiciones de uso de la Blogoteca | La meva Barcelona
62,Barcelona.cat,chromium,both,desktop,1280,800,https://barcelona.cat/es/conocebcn/la-ciutadella-del-conocimiento,https://www.barcelona.cat/es/conocebcn/la-ciutadella-del-conocimiento,200,true,true,22675,false,0,0,0,0,,Skipped (not requested),true,1137,28,11,40,aria-allowed-attr;aria-prohibited-attr;button-name;image-alt;landmark-no-duplicate-banner;region;tabindex,,false,0,0,0,0,0,0,,Skipped (not requested),false,0,0,0,0,0,0,,Skipped (not requested),true,592,47,106,3,QW-ACT-R17;QW-ACT-R76,,47,,La Ciutadella del Conocimiento | Web de Barcelona | Ayuntamiento de Barcelona
62,Barcelona.cat,chromium,both,desktop,1280,800,https://barcelona.cat/es/que-hacer-en-bcn/banos-y-playas/actividades-deportivas-organizadas-por-deportistas-federados,https://www.barcelona.cat/es/que-hacer-en-bcn/banos-y-playas/actividades-deportivas-organizadas-por-deportistas-federados,200,true,true,22983,false,0,0,0,0,,Skipped (not requested),true,675,24,21,45,image-alt;landmark-no-duplicate-banner;region;tabindex,,false,0,0,0,0,0,0,,Skipped (not requested),false,0,0,0,0,0,0,,Skipped (not requested),true,440,28,120,2,QW-ACT-R17;QW-ACT-R76,,26,,Actividades deportivas sin animo de lucro | Web Barcelona | Ayuntamiento de Barcelona
62,Barcelona.cat,chromium,both,desktop,1280,800,https://barcelona.cat/en/what-to-do-in-bcn/montjuic-park/news,https://www.barcelona.cat/en/what-to-do-in-bcn/montjuic-park/news,200,true,true,23158,false,0,0,0,0,,Skipped (not requested),true,909,26,22,39,aria-allowed-role;image-alt;landmark-no-duplicate-banner;region;tabindex,,false,0,0,0,0,0,0,,Skipped (not requested),false,0,0,0,0,0,0,,Skipped (not requested),true,547,43,139,2,QW-ACT-R17;QW-ACT-R76,,41,,News | Barcelona.cat | Ajuntament de Barcelona
62,Barcelona.cat,chromium,both,desktop,1280,800,https://barcelona.cat/en/what-to-do-in-bcn/parks-and-gardens/belvederes,https://www.barcelona.cat/en/what-to-do-in-bcn/parks-and-gardens/belvederes,200,true,true,23424,false,0,0,0,0,,Skipped (not requested),true,934,24,22,44,image-alt;landmark-no-duplicate-banner;region;tabindex,,false,0,0,0,0,0,0,,Skipped (not requested),false,0,0,0,0,0,0,,Skipped (not requested),true,589,50,173,2,QW-ACT-R17;QW-ACT-R76,,48,,Belvederes | Barcelona.cat | Ajuntament de Barcelona
62,Barcelona.cat,chromium,both,desktop,1280,800,https://barcelona.cat/en/discoverbcn/pics,https://www.barcelona.cat/en/discoverbcn/pics,200,true,true,39587,false,0,0,0,0,,Skipped (not requested),true,14505,26,19,40,aria-allowed-role;image-alt;landmark-no-duplicate-banner;region;tabindex,,false,0,0,0,0,0,0,,Skipped (not requested),false,0,0,0,0,0,0,,Skipped (not requested),true,6948,51,695,4,QW-ACT-R13;QW-ACT-R17;QW-ACT-R35;QW-ACT-R76,,47,,Points of interest | Barcelona.cat | Barcelona City Council
62,Barcelona.cat,chromium,both,desktop,1280,800,https://barcelona.cat/es/vivir-en-bcn/vive-el-barrio,https://www.barcelona.cat/es/vivir-en-bcn/vive-el-barrio,200,true,true,23165,false,0,0,0,0,,Skipped (not requested),true,833,60,29,40,area-alt;aria-allowed-role;aria-command-name;frame-title;image-alt;image-redundant-alt;landmark-no-duplicate-banner;list;region;tabindex,,false,0,0,0,0,0,0,,Skipped (not requested),false,0,0,0,0,0,0,,Skipped (not requested),true,486,47,171,2,QW-ACT-R11;QW-ACT-R12;QW-ACT-R17;QW-ACT-R19;QW-ACT-R38;QW-ACT-R48;QW-ACT-R76,,70,,Hagamos barrio | Barcelona.cat | Ayuntamiento de Barcelona
62,Barcelona.cat,chromium,both,desktop,1280,800,https://barcelona.cat/ca/viure-a-bcn/diada/transports-publics-durant-la-diada-2024,https://www.barcelona.cat/ca/viure-a-bcn/diada/transports-publics-durant-la-diada-2024,200,true,true,23211,false,0,0,0,0,,Skipped (not requested),true,1008,32,32,41,aria-command-name;aria-prohibited-attr;color-contrast;empty-heading;frame-title;image-alt;landmark-no-duplicate-banner;region;tabindex,,false,0,0,0,0,0,0,,Skipped (not requested),false,0,0,0,0,0,0,,Skipped (not requested),true,533,32,161,2,QW-ACT-R17;QW-ACT-R19;QW-ACT-R35;QW-ACT-R76,,33,,Transport públic Diada 2024 | Ajuntament Barcelona
62,Barcelona.cat,chromium,both,desktop,1280,800,https://barcelona.cat/en/what-to-do-in-bcn/magic-fountain/history,https://www.barcelona.cat/en/what-to-do-in-bcn/magic-fountain/history,200,true,true,23321,false,0,0,0,0,,Skipped (not requested),true,972,25,23,44,aria-required-children;image-alt;landmark-no-duplicate-banner;region;tabindex,,false,0,0,0,0,0,0,,Skipped (not requested),false,0,0,0,0,0,0,,Skipped (not requested),true,613,37,122,10,QW-ACT-R17;QW-ACT-R38;QW-ACT-R76,,34,,Magic Fountain&#039;s History | Barcelona | Barcelona City Council
62,Barcelona.cat,chromium,both,desktop,1280,800,https://barcelona.cat/es/conocebcn/ciutadelladelconocimiento/biblioteca-central,https://www.barcelona.cat/es/conocebcn/ciutadelladelconocimiento/biblioteca-central,200,true,true,21666,false,0,0,0,0,,Skipped (not requested),true,797,25,11,43,aria-required-children;image-alt;landmark-no-duplicate-banner;region;tabindex,,false,0,0,0,0,0,0,,Skipped (not requested),false,0,0,0,0,0,0,,Skipped (not requested),true,507,22,74,4,QW-ACT-R17;QW-ACT-R38;QW-ACT-R76,,19,,Biblioteca central | La Ciutadella del Conocimiento | Ayuntamiento de Barcelona
62,Barcelona.cat,chromium,both,desktop,1280,800,https://barcelona.cat/en/what-to-do-in-bcn/festes-majors,https://www.barcelona.cat/en/what-to-do-in-bcn/festes-majors,200,true,true,24307,false,0,0,0,0,,Skipped (not requested),true,1311,62,30,44,color-contrast;image-alt;landmark-no-duplicate-banner;region;tabindex,,false,0,0,0,0,0,0,,Skipped (not requested),false,0,0,0,0,0,0,,Skipped (not requested),true,867,81,293,2,QW-ACT-R17;QW-ACT-R38;QW-ACT-R76,,78,,Festes majors | Barcelona.cat | Ajuntament de Barcelona
62,Barcelona.cat,chromium,both,desktop,1280,800,https://barcelona.cat/ca/viure-a-bcn/amb-nens-i-nenes/lleure/llistat-de-ludotecas,https://www.barcelona.cat/ca/viure-a-bcn/amb-nens-i-nenes/lleure/llistat-de-ludotecas,200,true,true,24008,false,0,0,0,0,,Skipped (not requested),true,1060,24,27,44,image-alt;landmark-no-duplicate-banner;region;tabindex,,false,0,0,0,0,0,0,,Skipped (not requested),false,0,0,0,0,0,0,,Skipped (not requested),true,676,53,239,2,QW-ACT-R17;QW-ACT-R38;QW-ACT-R76,,50,,Llistat de Ludotecas | Barcelona.cat | Ajuntament de Barcelona
62,Barcelona.cat,chromium,both,desktop,1280,800,https://barcelona.cat/en/what-to-do-in-bcn/parks-and-gardens/childrens-play-areas,https://www.barcelona.cat/en/what-to-do-in-bcn/parks-and-gardens/childrens-play-areas,200,true,true,22194,false,0,0,0,0,,Skipped (not requested),true,926,24,22,44,image-alt;landmark-no-duplicate-banner;region;tabindex,,false,0,0,0,0,0,0,,Skipped (not requested),false,0,0,0,0,0,0,,Skipped (not requested),true,587,56,181,2,QW-ACT-R17;QW-ACT-R76,,54,,Children&#039;s play areas | Barcelona.cat | Ajuntament de Barcelona
62,Barcelona.cat,chromium,both,desktop,1280,800,https://barcelona.cat/ca/que-pots-fer-a-bcn/estiu/refrescat-a-les-piscines-municipals,https://www.barcelona.cat/ca/que-pots-fer-a-bcn/estiu/refrescat-a-les-piscines-municipals,200,true,true,23042,false,0,0,0,0,,Skipped (not requested),true,1192,24,22,44,image-alt;landmark-no-duplicate-banner;region;tabindex,,false,0,0,0,0,0,0,,Skipped (not requested),false,0,0,0,0,0,0,,Skipped (not requested),true,759,70,262,2,QW-ACT-R17;QW-ACT-R38;QW-ACT-R76,,67,,Refresca’t a les piscines municipals | Barcelona.cat | Ajuntament de Barcelona
62,Barcelona.cat,chromium,both,desktop,1280,800,https://barcelona.cat/es/que-hacer-en-bcn/banos-y-playas/playa-de-sant-miquel,https://www.barcelona.cat/es/que-hacer-en-bcn/banos-y-playas/playa-de-sant-miquel,200,true,true,22537,false,0,0,0,0,,Skipped (not requested),true,926,24,24,43,image-alt;landmark-no-duplicate-banner;region;tabindex,,false,0,0,0,0,0,0,,Skipped (not requested),false,0,0,0,0,0,0,,Skipped (not requested),true,582,51,127,2,QW-ACT-R17;QW-ACT-R76,,49,,Playa Sant Miquel | Web Barcelona | Ayuntamiento Barcelona
62,Barcelona.cat,chromium,both,desktop,1280,800,https://barcelona.cat/ca/que-pots-fer-a-bcn/parcs-i-jardins/parcs-forestals,https://www.barcelona.cat/ca/que-pots-fer-a-bcn/parcs-i-jardins/parcs-forestals,200,true,true,21732,false,0,0,0,0,,Skipped (not requested),true,759,24,22,44,image-alt;landmark-no-duplicate-banner;region;tabindex,,false,0,0,0,0,0,0,,Skipped (not requested),false,0,0,0,0,0,0,,Skipped (not requested),true,493,34,140,2,QW-ACT-R17;QW-ACT-R76,,32,,Parcs forestals | Barcelona.cat | Ajuntament de Barcelona
62,Barcelona.cat,chromium,both,desktop,1280,800,https://barcelona.cat/en/what-to-do-in-bcn/summer/outdoor-films,https://www.barcelona.cat/en/what-to-do-in-bcn/summer/outdoor-films,200,true,true,22703,false,0,0,0,0,,Skipped (not requested),true,1040,62,30,44,color-contrast;image-alt;landmark-no-duplicate-banner;region;tabindex,,false,0,0,0,0,0,0,,Skipped (not requested),false,0,0,0,0,0,0,,Skipped (not requested),true,700,47,213,2,QW-ACT-R17;QW-ACT-R38;QW-ACT-R76,,44,,Outdoor films | Barcelona.cat | Ajuntament de Barcelona
62,Barcelona.cat,chromium,both,desktop,1280,800,https://barcelona.cat/es/que-hacer-en-bcn/banos-y-playas/zona-de-banos-del-forum,https://www.barcelona.cat/es/que-hacer-en-bcn/banos-y-playas/zona-de-banos-del-forum,200,true,true,22115,false,0,0,0,0,,Skipped (not requested),true,900,24,25,43,image-alt;landmark-no-duplicate-banner;region;tabindex,,false,0,0,0,0,0,0,,Skipped (not requested),false,0,0,0,0,0,0,,Skipped (not requested),true,568,52,128,2,QW-ACT-R17;QW-ACT-R76,,50,,Zona baños Fòrum | Web Barcelona | Ayuntamiento Barcelona
62,Barcelona.cat,chromium,both,desktop,1280,800,https://barcelona.cat/en/discoverbcn/ciutadella-knowledge-hub/heritage-and-science-hub,https://www.barcelona.cat/en/discoverbcn/ciutadella-knowledge-hub/heritage-and-science-hub,200,true,true,22397,false,0,0,0,0,,Skipped (not requested),true,987,25,11,42,aria-required-children;image-alt;landmark-no-duplicate-banner;region;tabindex,,false,0,0,0,0,0,0,,Skipped (not requested),false,0,0,0,0,0,0,,Skipped (not requested),true,656,30,76,8,QW-ACT-R17;QW-ACT-R38;QW-ACT-R76,,27,,Heritage and Scientific Hub | La Ciutadella Knowledge Hub | Barcelona City Council
62,Barcelona.cat,chromium,both,desktop,1280,800,https://barcelona.cat/es/que-hacer-en-bcn/cultura/teatros,https://www.barcelona.cat/es/que-hacer-en-bcn/cultura/teatros,200,true,true,23230,false,0,0,0,0,,Skipped (not requested),true,1152,24,22,44,image-alt;landmark-no-duplicate-banner;region;tabindex,,false,0,0,0,0,0,0,,Skipped (not requested),false,0,0,0,0,0,0,,Skipped (not requested),true,728,70,236,2,QW-ACT-R17;QW-ACT-R38;QW-ACT-R76,,67,,Teatros | Barcelona.cat | Ajuntament de Barcelona
62,Barcelona.cat,chromium,both,desktop,1280,800,https://barcelona.cat/capdesetmana/ca/,https://www.barcelona.cat/capdesetmana/ca,200,true,true,24486,false,0,0,0,0,,Skipped (not requested),true,975,7,2,39,heading-order;landmark-no-duplicate-banner;region;select-name;tabindex,,false,0,0,0,0,0,0,,Skipped (not requested),false,0,0,0,0,0,0,,Skipped (not requested),true,561,32,138,2,QW-ACT-R16;QW-ACT-R76,,30,,Cap de setmana BCN | Ajuntament de Barcelona
62,Barcelona.cat,chromium,both,desktop,1280,800,https://barcelona.cat/es/vivir-en-bcn/diada,https://www.barcelona.cat/es/vivir-en-bcn/diada,200,true,true,22904,false,0,0,0,0,,Skipped (not requested),true,801,23,9,44,landmark-no-duplicate-banner;region;tabindex,,false,0,0,0,0,0,0,,Skipped (not requested),false,0,0,0,0,0,0,,Skipped (not requested),true,492,49,76,2,QW-ACT-R76,,48,,Diada 2026 | Web de Barcelona | Ayuntamiento de Barcelona
62,Barcelona.cat,chromium,both,desktop,1280,800,https://barcelona.cat/en/living-in-bcn/pets,https://www.barcelona.cat/en/living-in-bcn/pets,200,true,true,28532,false,0,0,0,0,,Skipped (not requested),true,1170,26,30,40,aria-allowed-role;image-alt;landmark-no-duplicate-banner;region;tabindex,,false,0,0,0,0,0,0,,Skipped (not requested),false,0,0,0,0,0,0,,Skipped (not requested),true,699,30,209,4,QW-ACT-R13;QW-ACT-R17;QW-ACT-R35;QW-ACT-R76,,26,,Pets | Barcelona.cat | Barcelona City Council
62,Barcelona.cat,chromium,both,desktop,1280,800,https://barcelona.cat/es/que-hacer-en-bcn/banos-y-playas/deporte-en-las-playas/pesca,https://www.barcelona.cat/es/que-hacer-en-bcn/banos-y-playas/deporte-en-las-playas/pesca,200,true,true,21610,false,0,0,0,0,,Skipped (not requested),true,656,24,21,45,image-alt;landmark-no-duplicate-banner;region;tabindex,,false,0,0,0,0,0,0,,Skipped (not requested),false,0,0,0,0,0,0,,Skipped (not requested),true,431,25,120,2,QW-ACT-R17;QW-ACT-R76,,23,,Pesca | Web de Barcelona | Ayuntamiento de Barcelona
62,Barcelona.cat,chromium,both,desktop,1280,800,https://barcelona.cat/en/what-to-do-in-bcn/get-fit/sports-facilities,https://www.barcelona.cat/en/what-to-do-in-bcn/get-fit/sports-facilities,200,true,true,24476,false,0,0,0,0,,Skipped (not requested),true,2147,24,22,44,image-alt;landmark-no-duplicate-banner;region;tabindex,,false,0,0,0,0,0,0,,Skipped (not requested),false,0,0,0,0,0,0,,Skipped (not requested),true,1276,179,335,2,QW-ACT-R17;QW-ACT-R38;QW-ACT-R76,,176,,Sports facilities | Barcelona.cat | Ajuntament de Barcelona
62,Barcelona.cat,chromium,both,desktop,1280,800,https://barcelona.cat/ca/que-pots-fer-a-bcn/banys-i-platges/esport-les-platges,https://www.barcelona.cat/ca/que-pots-fer-a-bcn/banys-i-platges/esport-les-platges,200,true,true,21845,false,0,0,0,0,,Skipped (not requested),true,752,24,24,44,image-alt;landmark-no-duplicate-banner;region;tabindex,,false,0,0,0,0,0,0,,Skipped (not requested),false,0,0,0,0,0,0,,Skipped (not requested),true,460,36,127,2,QW-ACT-R17;QW-ACT-R76,,34,,Esports a les platges | Web de Barcelona | Ajuntament de Barcelona
62,Barcelona.cat,chromium,both,desktop,1280,800,https://barcelona.cat/ca/que-pots-fer-a-bcn/cultura,https://www.barcelona.cat/ca/que-pots-fer-a-bcn/cultura,200,true,true,21905,false,0,0,0,0,,Skipped (not requested),true,927,33,23,44,image-alt;landmark-no-duplicate-banner;link-name;region;tabindex,,false,0,0,0,0,0,0,,Skipped (not requested),false,0,0,0,0,0,0,,Skipped (not requested),true,543,53,145,2,QW-ACT-R12;QW-ACT-R17;QW-ACT-R76,,50,,Cultura 100% | Barcelona.cat | Ajuntament de Barcelona
62,Barcelona.cat,chromium,both,desktop,1280,800,https://barcelona.cat/es/vivir-en-bcn/con-accesibilidad,https://www.barcelona.cat/es/vivir-en-bcn/con-accesibilidad,200,true,true,21539,false,0,0,0,0,,Skipped (not requested),true,991,24,31,44,image-alt;landmark-no-duplicate-banner;region;tabindex,,false,0,0,0,0,0,0,,Skipped (not requested),false,0,0,0,0,0,0,,Skipped (not requested),true,591,26,185,2,QW-ACT-R17;QW-ACT-R76,,24,,Accesibilidad | Barcelona.cat | Ayuntamiento de Barcelona
62,Barcelona.cat,chromium,both,desktop,1280,800,https://barcelona.cat/en/what-to-do-in-bcn/montjuic-park/activities/list,https://www.barcelona.cat/en/what-to-do-in-bcn/montjuic-park/activities/list,200,true,true,23156,false,0,0,0,0,,Skipped (not requested),true,1298,62,30,44,color-contrast;image-alt;landmark-no-duplicate-banner;region;tabindex,,false,0,0,0,0,0,0,,Skipped (not requested),false,0,0,0,0,0,0,,Skipped (not requested),true,866,75,292,2,QW-ACT-R17;QW-ACT-R38;QW-ACT-R76,,72,,The agenda of the park | Barcelona.cat | Ajuntament de Barcelona
62,Barcelona.cat,chromium,both,desktop,1280,800,https://barcelona.cat/es/vivir-en-bcn/medio-ambiente-y-sostenibilidad,https://www.barcelona.cat/es/vivir-en-bcn/medio-ambiente-y-sostenibilidad,200,true,true,23078,false,0,0,0,0,,Skipped (not requested),true,1091,24,27,44,image-alt;landmark-no-duplicate-banner;region;tabindex,,false,0,0,0,0,0,0,,Skipped (not requested),false,0,0,0,0,0,0,,Skipped (not requested),true,623,34,168,2,QW-ACT-R17;QW-ACT-R76,,32,,Medio ambiente y sostenibilidad | Barcelona.cat | Ayuntamiento de Barcelona
62,Barcelona.cat,chromium,both,desktop,1280,800,https://barcelona.cat/en/what-to-do-in-bcn/bathing-and-beaches/dogs-area,https://www.barcelona.cat/en/what-to-do-in-bcn/bathing-and-beaches/dogs-area,200,true,true,21980,false,0,0,0,0,,Skipped (not requested),true,998,25,28,43,aria-required-children;image-alt;landmark-no-duplicate-banner;region;tabindex,,false,0,0,0,0,0,0,,Skipped (not requested),false,0,0,0,0,0,0,,Skipped (not requested),true,626,40,130,12,QW-ACT-R17;QW-ACT-R38;QW-ACT-R76,,37,,Pets on beaches | Barcelona website | Barcelona City Council
62,Barcelona.cat,chromium,both,desktop,1280,800,https://barcelona.cat/en/living-in-bcn/diada,https://www.barcelona.cat/en/living-in-bcn/diada,200,true,true,22062,false,0,0,0,0,,Skipped (not requested),true,790,23,9,44,landmark-no-duplicate-banner;region;tabindex,,false,0,0,0,0,0,0,,Skipped (not requested),false,0,0,0,0,0,0,,Skipped (not requested),true,484,49,72,2,QW-ACT-R76,,48,,Diada 2026 | Barcelona website | Barcelona City Council
62,Barcelona.cat,chromium,both,desktop,1280,800,https://barcelona.cat/es/conocebcn/la-historia/la-barcino-romana,https://www.barcelona.cat/es/conocebcn/la-historia/la-barcino-romana,200,true,true,22183,false,0,0,0,0,,Skipped (not requested),true,756,24,15,45,image-alt;landmark-no-duplicate-banner;region;tabindex,,false,0,0,0,0,0,0,,Skipped (not requested),false,0,0,0,0,0,0,,Skipped (not requested),true,473,29,128,2,QW-ACT-R17;QW-ACT-R76,,27,,La Barcino romana | Web de Barcelona | Ayuntamiento de Barcelona
62,Barcelona.cat,chromium,both,desktop,1280,800,https://barcelona.cat/en/what-to-do-in-bcn/culture/cinemas,https://www.barcelona.cat/en/what-to-do-in-bcn/culture/cinemas,200,true,true,21693,false,0,0,0,0,,Skipped (not requested),true,1093,24,22,44,image-alt;landmark-no-duplicate-banner;region;tabindex,,false,0,0,0,0,0,0,,Skipped (not requested),false,0,0,0,0,0,0,,Skipped (not requested),true,692,64,226,2,QW-ACT-R17;QW-ACT-R38;QW-ACT-R76,,61,,Cinemas | Barcelona.cat | Ajuntament de Barcelona
62,Barcelona.cat,chromium,both,desktop,1280,800,https://barcelona.cat/en/what-to-do-in-bcn/magic-fountain/choreographies-magic-fountain,https://www.barcelona.cat/en/what-to-do-in-bcn/magic-fountain/choreographies-magic-fountain,200,true,true,23743,false,0,0,0,0,,Skipped (not requested),true,1080,28,23,41,aria-allowed-role;image-alt;landmark-no-duplicate-banner;listitem;region;tabindex,,false,0,0,0,0,0,0,,Skipped (not requested),false,0,0,0,0,0,0,,Skipped (not requested),true,732,31,147,2,QW-ACT-R17;QW-ACT-R76,,29,,Magic Fountain&#039;s Choreographies | Barcelona City Council
62,Barcelona.cat,chromium,both,desktop,1280,800,https://barcelona.cat/es/vivir-en-bcn/con-ninos-y-ninas,https://www.barcelona.cat/es/vivir-en-bcn/con-ninos-y-ninas,200,true,true,22996,false,0,0,0,0,,Skipped (not requested),true,1014,24,29,44,image-alt;landmark-no-duplicate-banner;region;tabindex,,false,0,0,0,0,0,0,,Skipped (not requested),false,0,0,0,0,0,0,,Skipped (not requested),true,603,28,181,2,QW-ACT-R17;QW-ACT-R76,,26,,Niños y niñas | Barcelona.cat | Ayuntamiento de Barcelona
62,Barcelona.cat,chromium,both,desktop,1280,800,https://barcelona.cat/en/discoverbcn/la-ciutadella-knowledge-hub/news,https://www.barcelona.cat/en/discoverbcn/la-ciutadella-knowledge-hub/news,200,true,true,22490,false,0,0,0,0,,Skipped (not requested),true,885,27,16,39,aria-allowed-role;image-alt;landmark-no-duplicate-banner;region;tabindex,,false,0,0,0,0,0,0,,Skipped (not requested),false,0,0,0,0,0,0,,Skipped (not requested),true,556,31,114,3,QW-ACT-R17;QW-ACT-R76,,29,,News | Barcelona.cat | Ajuntament de Barcelona
62,Barcelona.cat,chromium,both,desktop,1280,800,https://barcelona.cat/ca/que-pots-fer-a-bcn/banys-i-platges,https://www.barcelona.cat/ca/que-pots-fer-a-bcn/banys-i-platges,200,true,true,24415,false,0,0,0,0,,Skipped (not requested),true,1276,31,29,41,image-alt;landmark-no-duplicate-banner;nested-interactive;region;tabindex,,false,0,0,0,0,0,0,,Skipped (not requested),false,0,0,0,0,0,0,,Skipped (not requested),true,671,90,206,2,QW-ACT-R17;QW-ACT-R65;QW-ACT-R76,,87,,Banys i platges | Barcelona.cat | Ajuntament de Barcelona
62,Barcelona.cat,chromium,both,desktop,1280,800,https://barcelona.cat/ca/que-pots-fer-a-bcn/banys-i-platges/platges-sense-residus,https://www.barcelona.cat/ca/que-pots-fer-a-bcn/banys-i-platges/platges-sense-residus,200,true,true,21558,false,0,0,0,0,,Skipped (not requested),true,828,25,26,43,aria-required-children;image-alt;landmark-no-duplicate-banner;region;tabindex,,false,0,0,0,0,0,0,,Skipped (not requested),false,0,0,0,0,0,0,,Skipped (not requested),true,520,35,125,4,QW-ACT-R17;QW-ACT-R38;QW-ACT-R76,,32,,Platges sense residus | Barcelona.cat | Ajuntament de Barcelona
62,Barcelona.cat,chromium,both,desktop,1280,800,https://barcelona.cat/es/que-hacer-en-bcn/parque-montjuic/noticias,https://www.barcelona.cat/es/que-hacer-en-bcn/parque-montjuic/noticias,200,true,true,22623,false,0,0,0,0,,Skipped (not requested),true,919,26,22,39,aria-allowed-role;image-alt;landmark-no-duplicate-banner;region;tabindex,,false,0,0,0,0,0,0,,Skipped (not requested),false,0,0,0,0,0,0,,Skipped (not requested),true,557,43,143,2,QW-ACT-R17;QW-ACT-R76,,41,,Noticias | Barcelona.cat | Ajuntament de Barcelona
62,Barcelona.cat,chromium,both,desktop,1280,800,https://barcelona.cat/ca/que-pots-fer-a-bcn/banys-i-platges/zona-de-banys-del-forum,https://www.barcelona.cat/ca/que-pots-fer-a-bcn/banys-i-platges/zona-de-banys-del-forum,200,true,true,21822,false,0,0,0,0,,Skipped (not requested),true,914,24,26,42,image-alt;landmark-no-duplicate-banner;region;tabindex,,false,0,0,0,0,0,0,,Skipped (not requested),false,0,0,0,0,0,0,,Skipped (not requested),true,571,53,127,2,QW-ACT-R17;QW-ACT-R76,,51,,Zona banys del Fòrum | Web Barcelona | Ajuntament Barcelona
62,Barcelona.cat,chromium,both,desktop,1280,800,https://barcelona.cat/es/que-hacer-en-bcn/ponte-en-forma/clubs-asociaciones-y-penas,https://www.barcelona.cat/es/que-hacer-en-bcn/ponte-en-forma/clubs-asociaciones-y-penas,200,true,true,21738,false,0,0,0,0,,Skipped (not requested),true,1106,24,22,44,image-alt;landmark-no-duplicate-banner;region;tabindex,,false,0,0,0,0,0,0,,Skipped (not requested),false,0,0,0,0,0,0,,Skipped (not requested),true,697,65,221,2,QW-ACT-R17;QW-ACT-R38;QW-ACT-R76,,62,,"Clubs, asociaciones y peñas | Barcelona.cat | Ajuntament de Barcelona"
62,Barcelona.cat,chromium,both,desktop,1280,800,https://barcelona.cat/en/what-to-do-in-bcn/bathing-and-beaches/sant-sebastia-beach,https://www.barcelona.cat/en/what-to-do-in-bcn/bathing-and-beaches/sant-sebastia-beach,200,true,true,22271,false,0,0,0,0,,Skipped (not requested),true,922,24,25,43,image-alt;landmark-no-duplicate-banner;region;tabindex,,false,0,0,0,0,0,0,,Skipped (not requested),false,0,0,0,0,0,0,,Skipped (not requested),true,577,52,123,2,QW-ACT-R17;QW-ACT-R76,,50,,Sant Sebastià beach | Barcelona | Barcelona City Council
62,Barcelona.cat,chromium,both,desktop,1280,800,https://barcelona.cat/en/what-to-do-in-bcn/magic-fountain/how-it-works,https://www.barcelona.cat/en/what-to-do-in-bcn/magic-fountain/how-it-works,200,true,true,21829,false,0,0,0,0,,Skipped (not requested),true,912,25,28,44,aria-required-children;image-alt;landmark-no-duplicate-banner;region;tabindex,,false,0,0,0,0,0,0,,Skipped (not requested),false,0,0,0,0,0,0,,Skipped (not requested),true,568,29,122,7,QW-ACT-R17;QW-ACT-R38;QW-ACT-R76,,26,,How the Magic Fountain works | Barcelona City Council
62,Barcelona.cat,chromium,both,desktop,1280,800,https://barcelona.cat/ca/que-pots-fer-a-bcn/banys-i-platges/historia-de-les-platges,https://www.barcelona.cat/ca/que-pots-fer-a-bcn/banys-i-platges/historia-de-les-platges,200,true,true,22227,false,0,0,0,0,,Skipped (not requested),true,975,25,23,44,aria-required-children;image-alt;landmark-no-duplicate-banner;region;tabindex,,false,0,0,0,0,0,0,,Skipped (not requested),false,0,0,0,0,0,0,,Skipped (not requested),true,611,40,135,5,QW-ACT-R17;QW-ACT-R38;QW-ACT-R76,,37,,Història de les platges | Web Barcelona | Ajuntament Barcelona
62,Barcelona.cat,chromium,both,desktop,1280,800,https://barcelona.cat/es/que-hacer-en-bcn/fuente-magica/horarios-de-la-fuente-magica,https://www.barcelona.cat/es/que-hacer-en-bcn/fuente-magica/horarios-de-la-fuente-magica,200,true,true,28205,false,0,0,0,0,,Skipped (not requested),true,861,30,31,37,button-name;empty-table-header;image-alt;landmark-no-duplicate-banner;region;tabindex,,false,0,0,0,0,0,0,,Skipped (not requested),false,0,0,0,0,0,0,,Skipped (not requested),true,496,43,144,2,QW-ACT-R11;QW-ACT-R17;QW-ACT-R65;QW-ACT-R76,,39,,Horarios Fuente Mágica | Barcelona | Ayuntamiento Barcelona
62,Barcelona.cat,chromium,both,desktop,1280,800,https://barcelona.cat/en/what-to-do-in-bcn/culture/theatres,https://www.barcelona.cat/en/what-to-do-in-bcn/culture/theatres,200,true,true,21711,false,0,0,0,0,,Skipped (not requested),true,1144,24,22,44,image-alt;landmark-no-duplicate-banner;region;tabindex,,false,0,0,0,0,0,0,,Skipped (not requested),false,0,0,0,0,0,0,,Skipped (not requested),true,720,70,232,2,QW-ACT-R17;QW-ACT-R38;QW-ACT-R76,,67,,Theatres | Barcelona.cat | Ajuntament de Barcelona
62,Barcelona.cat,chromium,both,desktop,1280,800,https://barcelona.cat/ca/que-pots-fer-a-bcn/cultura/auditoris,https://www.barcelona.cat/ca/que-pots-fer-a-bcn/cultura/auditoris,200,true,true,22755,false,0,0,0,0,,Skipped (not requested),true,1084,24,22,44,image-alt;landmark-no-duplicate-banner;region;tabindex,,false,0,0,0,0,0,0,,Skipped (not requested),false,0,0,0,0,0,0,,Skipped (not requested),true,689,62,225,2,QW-ACT-R17;QW-ACT-R38;QW-ACT-R76,,59,,Auditoris | Barcelona.cat | Ajuntament de Barcelona
62,Barcelona.cat,chromium,both,desktop,1280,800,https://barcelona.cat/en/what-to-do-in-bcn/bathing-and-beaches/sports-activities-organised-federated-athletes-entities,https://www.barcelona.cat/en/what-to-do-in-bcn/bathing-and-beaches/sports-activities-organised-federated-athletes-entities,200,true,true,21894,false,0,0,0,0,,Skipped (not requested),true,665,24,21,44,image-alt;landmark-no-duplicate-banner;region;tabindex,,false,0,0,0,0,0,0,,Skipped (not requested),false,0,0,0,0,0,0,,Skipped (not requested),true,432,28,116,2,QW-ACT-R17;QW-ACT-R76,,26,,Non-profit organised sports activities | Barcelona website | Barcelona City Council
62,Barcelona.cat,chromium,both,desktop,1280,800,https://barcelona.cat/es/conocebcn/la-ciutadella-del-conocimiento/noticias,https://www.barcelona.cat/es/conocebcn/la-ciutadella-del-conocimiento/noticias,200,true,true,23663,false,0,0,0,0,,Skipped (not requested),true,900,27,16,39,aria-allowed-role;image-alt;landmark-no-duplicate-banner;region;tabindex,,false,0,0,0,0,0,0,,Skipped (not requested),false,0,0,0,0,0,0,,Skipped (not requested),true,568,31,119,3,QW-ACT-R17;QW-ACT-R76,,29,,Noticias | Barcelona.cat | Ajuntament de Barcelona
62,Barcelona.cat,chromium,both,desktop,1280,800,https://barcelona.cat/ca/que-pots-fer-a-bcn/estiu/oficines-de-tramitacio-del-dni-i-passaport,https://www.barcelona.cat/ca/que-pots-fer-a-bcn/estiu/oficines-de-tramitacio-del-dni-i-passaport,200,true,true,23484,false,0,0,0,0,,Skipped (not requested),true,975,24,22,44,image-alt;landmark-no-duplicate-banner;region;tabindex,,false,0,0,0,0,0,0,,Skipped (not requested),false,0,0,0,0,0,0,,Skipped (not requested),true,625,52,193,2,QW-ACT-R17;QW-ACT-R38;QW-ACT-R76,,49,,Oficines de tramitació del DNI i passaport | Barcelona.cat | Ajuntament de Barcelona
62,Barcelona.cat,chromium,both,desktop,1280,800,https://barcelona.cat/es/que-hacer-en-bcn/banos-y-playas/playa-de-somorrostro,https://www.barcelona.cat/es/que-hacer-en-bcn/banos-y-playas/playa-de-somorrostro,200,true,true,22099,false,0,0,0,0,,Skipped (not requested),true,993,24,25,43,image-alt;landmark-no-duplicate-banner;region;tabindex,,false,0,0,0,0,0,0,,Skipped (not requested),false,0,0,0,0,0,0,,Skipped (not requested),true,627,64,128,2,QW-ACT-R17;QW-ACT-R76,,62,,Playa Somorrostro | Web Barcelona | Ayuntamiento Barcelona
62,Barcelona.cat,chromium,both,desktop,1280,800,https://barcelona.cat/es/que-hacer-en-bcn/ponte-en-forma/federaciones,https://www.barcelona.cat/es/que-hacer-en-bcn/ponte-en-forma/federaciones,200,true,true,23229,false,0,0,0,0,,Skipped (not requested),true,1063,24,22,44,image-alt;landmark-no-duplicate-banner;region;tabindex,,false,0,0,0,0,0,0,,Skipped (not requested),false,0,0,0,0,0,0,,Skipped (not requested),true,678,59,225,2,QW-ACT-R17;QW-ACT-R38;QW-ACT-R76,,56,,Federaciones | Barcelona.cat | Ajuntament de Barcelona
62,Barcelona.cat,chromium,both,desktop,1280,800,https://barcelona.cat/ca/que-pots-fer-a-bcn/banys-i-platges/activitats-esportives-organitzades-amb-anim-de-lucre,https://www.barcelona.cat/ca/que-pots-fer-a-bcn/banys-i-platges/activitats-esportives-organitzades-amb-anim-de-lucre,200,true,true,22273,false,0,0,0,0,,Skipped (not requested),true,688,24,22,45,image-alt;landmark-no-duplicate-banner;region;tabindex,,false,0,0,0,0,0,0,,Skipped (not requested),false,0,0,0,0,0,0,,Skipped (not requested),true,445,33,119,2,QW-ACT-R17;QW-ACT-R76,,31,,Activitats esportives organitzades amb ànim de lucre | Web de Barcelona | Ajuntament de Barcelona
62,Barcelona.cat,chromium,both,desktop,1280,800,https://barcelona.cat/en/discoverbcn/ciutadella-knowledge-hub/greenhouse/history,https://www.barcelona.cat/en/discoverbcn/ciutadella-knowledge-hub/greenhouse/history,200,true,true,22030,false,0,0,0,0,,Skipped (not requested),true,939,25,11,44,aria-required-children;image-alt;landmark-no-duplicate-banner;region;tabindex,,false,0,0,0,0,0,0,,Skipped (not requested),false,0,0,0,0,0,0,,Skipped (not requested),true,595,24,76,9,QW-ACT-R17;QW-ACT-R38;QW-ACT-R76,,21,,History of the Greenhouse | Barcelona.cat | Barcelona City Council
62,Barcelona.cat,chromium,both,desktop,1280,800,https://barcelona.cat/ca/que-pots-fer-a-bcn/posat-en-forma/installacions-esportives,https://www.barcelona.cat/ca/que-pots-fer-a-bcn/posat-en-forma/installacions-esportives,200,true,true,24608,false,0,0,0,0,,Skipped (not requested),true,2153,24,22,44,image-alt;landmark-no-duplicate-banner;region;tabindex,,false,0,0,0,0,0,0,,Skipped (not requested),false,0,0,0,0,0,0,,Skipped (not requested),true,1282,179,338,2,QW-ACT-R17;QW-ACT-R38;QW-ACT-R76,,176,,Instal·lacions esportives | Barcelona.cat | Ajuntament de Barcelona
62,Barcelona.cat,chromium,both,desktop,1280,800,https://barcelona.cat/ca/que-pots-fer-a-bcn/llistat,https://www.barcelona.cat/ca/que-pots-fer-a-bcn/llistat,200,true,true,23894,false,0,0,0,0,,Skipped (not requested),true,1511,62,30,44,color-contrast;image-alt;landmark-no-duplicate-banner;region;tabindex,,false,0,0,0,0,0,0,,Skipped (not requested),false,0,0,0,0,0,0,,Skipped (not requested),true,978,98,315,2,QW-ACT-R17;QW-ACT-R38;QW-ACT-R76,,95,,Llistat | Barcelona.cat | Ajuntament de Barcelona
62,Barcelona.cat,chromium,both,desktop,1280,800,https://barcelona.cat/en/what-to-do-in-bcn/summer/municipal-tax-office,https://www.barcelona.cat/en/what-to-do-in-bcn/summer/municipal-tax-office,200,true,true,21693,false,0,0,0,0,,Skipped (not requested),true,791,24,22,44,image-alt;landmark-no-duplicate-banner;region;tabindex,,false,0,0,0,0,0,0,,Skipped (not requested),false,0,0,0,0,0,0,,Skipped (not requested),true,505,35,138,2,QW-ACT-R17;QW-ACT-R38;QW-ACT-R76,,32,,Municipal Tax Office | Barcelona.cat | Ajuntament de Barcelona
62,Barcelona.cat,chromium,both,desktop,1280,800,https://barcelona.cat/en/living-in-bcn/environment-and-sustainability/list-containers,https://www.barcelona.cat/en/living-in-bcn/environment-and-sustainability/list-containers,200,true,true,22645,false,0,0,0,0,,Skipped (not requested),true,950,24,27,44,image-alt;landmark-no-duplicate-banner;region;tabindex,,false,0,0,0,0,0,0,,Skipped (not requested),false,0,0,0,0,0,0,,Skipped (not requested),true,591,44,194,2,QW-ACT-R17;QW-ACT-R38;QW-ACT-R76,,41,,List of containers | Barcelona.cat | Ajuntament de Barcelona
62,Barcelona.cat,chromium,both,desktop,1280,800,https://barcelona.cat/en/living-in-bcn/catalan-national-day-2019/public-transport-11-september-2022-catalan-national-day,https://www.barcelona.cat/en/living-in-bcn/catalan-national-day-2019/public-transport-11-september-2022-catalan-national-day,200,true,true,25399,false,0,0,0,0,,Skipped (not requested),true,1891,52,19,40,aria-command-name;aria-prohibited-attr;frame-title;landmark-no-duplicate-banner;link-in-text-block;region;tabindex,,false,0,0,0,0,0,0,,Skipped (not requested),false,0,0,0,0,0,0,,Skipped (not requested),true,560,28,120,2,QW-ACT-R19;QW-ACT-R76,,53,,Public transport Diada 2022 | Barcelona City Council
62,Barcelona.cat,chromium,both,desktop,1280,800,https://barcelona.cat/ca/que-pots-fer-a-bcn/banys-i-platges/barcelona-platja-platja,https://www.barcelona.cat/ca/que-pots-fer-a-bcn/banys-i-platges/barcelona-platja-platja,200,true,true,22529,false,0,0,0,0,,Skipped (not requested),true,803,24,21,45,image-alt;landmark-no-duplicate-banner;region;tabindex,,false,0,0,0,0,0,0,,Skipped (not requested),false,0,0,0,0,0,0,,Skipped (not requested),true,479,41,128,2,QW-ACT-R17;QW-ACT-R76,,39,,Platja a platja | Web de Barcelona | Ajuntament de Barcelona
62,Barcelona.cat,chromium,both,desktop,1280,800,https://barcelona.cat/es/que-hacer-en-bcn/banos-y-playas/historia-de-las-playas,https://www.barcelona.cat/es/que-hacer-en-bcn/banos-y-playas/historia-de-las-playas,200,true,true,23217,false,0,0,0,0,,Skipped (not requested),true,977,25,23,44,aria-required-children;image-alt;landmark-no-duplicate-banner;region;tabindex,,false,0,0,0,0,0,0,,Skipped (not requested),false,0,0,0,0,0,0,,Skipped (not requested),true,613,40,136,5,QW-ACT-R17;QW-ACT-R38;QW-ACT-R76,,37,,Historia playas | Web de Barcelona | Ayuntamiento Barcelona
62,Barcelona.cat,chromium,both,desktop,1280,800,https://barcelona.cat/es/que-hacer-en-bcn/parques-y-jardines/parques-forestales,https://www.barcelona.cat/es/que-hacer-en-bcn/parques-y-jardines/parques-forestales,200,true,true,22908,false,0,0,0,0,,Skipped (not requested),true,761,24,22,44,image-alt;landmark-no-duplicate-banner;region;tabindex,,false,0,0,0,0,0,0,,Skipped (not requested),false,0,0,0,0,0,0,,Skipped (not requested),true,495,34,141,2,QW-ACT-R17;QW-ACT-R76,,32,,Parques forestales | Barcelona.cat | Ajuntament de Barcelona
62,Barcelona.cat,chromium,both,desktop,1280,800,https://barcelona.cat/es/vivir-en-bcn/con-personas-mayores/vivir-con-tranquilidad,https://www.barcelona.cat/es/vivir-en-bcn/con-personas-mayores/vivir-con-tranquilidad,200,true,true,21298,false,0,0,0,0,,Skipped (not requested),true,832,24,27,44,image-alt;landmark-no-duplicate-banner;region;tabindex,,false,0,0,0,0,0,0,,Skipped (not requested),false,0,0,0,0,0,0,,Skipped (not requested),true,509,26,150,2,QW-ACT-R17;QW-ACT-R76,,24,,Vivir con tranquilidad | Personas mayores | Web de Barcelona
62,Barcelona.cat,chromium,both,desktop,1280,800,https://barcelona.cat/es/que-hacer-en-bcn/ponte-en-forma/clubes,https://www.barcelona.cat/es/que-hacer-en-bcn/ponte-en-forma/clubes,200,true,true,24111,false,0,0,0,0,,Skipped (not requested),true,2017,24,22,44,image-alt;landmark-no-duplicate-banner;region;tabindex,,false,0,0,0,0,0,0,,Skipped (not requested),false,0,0,0,0,0,0,,Skipped (not requested),true,1205,164,321,2,QW-ACT-R17;QW-ACT-R38;QW-ACT-R76,,161,,Clubes | Barcelona.cat | Ajuntament de Barcelona
62,Barcelona.cat,chromium,both,desktop,1280,800,https://barcelona.cat/en/what-to-do-in-bcn/parks-and-gardens/history,https://www.barcelona.cat/en/what-to-do-in-bcn/parks-and-gardens/history,200,true,true,24934,false,0,0,0,0,,Skipped (not requested),true,861,25,23,43,aria-required-children;image-alt;landmark-no-duplicate-banner;region;tabindex,,false,0,0,0,0,0,0,,Skipped (not requested),false,0,0,0,0,0,0,,Skipped (not requested),true,542,29,122,6,QW-ACT-R17;QW-ACT-R38;QW-ACT-R76,,26,,Parks History | Barcelona website | Barcelona City Council
62,Barcelona.cat,chromium,both,desktop,1280,800,https://barcelona.cat/es/que-hacer-en-bcn/parque-montjuic/conoce-el-consejo-del-parque-de-montjuic,https://www.barcelona.cat/es/que-hacer-en-bcn/parque-montjuic/conoce-el-consejo-del-parque-de-montjuic,200,true,true,22026,false,0,0,0,0,,Skipped (not requested),true,699,24,21,44,image-alt;landmark-no-duplicate-banner;region;tabindex,,false,0,0,0,0,0,0,,Skipped (not requested),false,0,0,0,0,0,0,,Skipped (not requested),true,445,31,121,2,QW-ACT-R17;QW-ACT-R76,,29,,Consejo del Parque de Montjuïc | Ayuntamiento de Barcelona
62,Barcelona.cat,chromium,both,desktop,1280,800,https://barcelona.cat/ca/viure-a-bcn/amb-nens-i-nenes,https://www.barcelona.cat/ca/viure-a-bcn/amb-nens-i-nenes,200,true,true,22914,false,0,0,0,0,,Skipped (not requested),true,1016,24,29,44,image-alt;landmark-no-duplicate-banner;region;tabindex,,false,0,0,0,0,0,0,,Skipped (not requested),false,0,0,0,0,0,0,,Skipped (not requested),true,603,28,180,2,QW-ACT-R17;QW-ACT-R76,,26,,Nens i nenes | Barcelona.cat | Ajuntament de Barcelona
62,Barcelona.cat,chromium,both,desktop,1280,800,https://barcelona.cat/es/conocebcn/la-historia/la-barcelona-contemporanea,https://www.barcelona.cat/es/conocebcn/la-historia/la-barcelona-contemporanea,200,true,true,24376,false,0,0,0,0,,Skipped (not requested),true,747,24,15,45,image-alt;landmark-no-duplicate-banner;region;tabindex,,false,0,0,0,0,0,0,,Skipped (not requested),false,0,0,0,0,0,0,,Skipped (not requested),true,469,23,128,2,QW-ACT-R17;QW-ACT-R76,,21,,La Barcelona contemporánea | Web de Barcelona | Ayuntamiento de Barcelona
62,Barcelona.cat,chromium,both,desktop,1280,800,https://barcelona.cat/en/discoverbcn/ciutadella-knowledge-hub/transformation-park,https://www.barcelona.cat/en/discoverbcn/ciutadella-knowledge-hub/transformation-park,200,true,true,21416,false,0,0,0,0,,Skipped (not requested),true,874,25,10,43,aria-required-children;image-alt;landmark-no-duplicate-banner;region;tabindex,,false,0,0,0,0,0,0,,Skipped (not requested),false,0,0,0,0,0,0,,Skipped (not requested),true,605,21,73,6,QW-ACT-R17;QW-ACT-R38;QW-ACT-R76,,18,,The transformation of the park | La Ciutadella Knowledge Hub | Barcelona City Council
62,Barcelona.cat,chromium,both,desktop,1280,800,https://barcelona.cat/es/conocebcn/ciutadelladelconocimiento/polo-de-biociencia-del-csic,https://www.barcelona.cat/es/conocebcn/ciutadelladelconocimiento/polo-de-biociencia-del-csic,200,true,true,21367,false,0,0,0,0,,Skipped (not requested),true,679,24,9,44,image-alt;landmark-no-duplicate-banner;region;tabindex,,false,0,0,0,0,0,0,,Skipped (not requested),false,0,0,0,0,0,0,,Skipped (not requested),true,441,20,70,2,QW-ACT-R17;QW-ACT-R76,,18,,Polo de biociencia del CSIC | La Ciutadella del Conocimiento | Ayuntamiento de Barcelona
